{
    "name": "root",
    "gauges": {
        "3DBall.Policy.Entropy.mean": {
            "value": 1.337933897972107,
            "min": 1.337933897972107,
            "max": 1.4189382791519165,
            "count": 9
        },
        "3DBall.Environment.EpisodeLength.mean": {
            "value": 660.6666666666666,
            "min": 22.013409961685824,
            "max": 660.6666666666666,
            "count": 9
        },
        "3DBall.Policy.ExtrinsicValueEstimate.mean": {
            "value": 2.2831408977508545,
            "min": 0.0511309988796711,
            "max": 2.2831408977508545,
            "count": 9
        },
        "3DBall.Environment.CumulativeReward.mean": {
            "value": 64.80556530422635,
            "min": 1.2015354758031995,
            "max": 64.80556530422635,
            "count": 9
        },
        "3DBall.Policy.ExtrinsicReward.mean": {
            "value": 64.80556530422635,
            "min": 1.2015354758031995,
            "max": 64.80556530422635,
            "count": 9
        },
        "3DBall.IsTraining.mean": {
            "value": 1.0,
            "min": 1.0,
            "max": 1.0,
            "count": 9
        },
        "3DBall.Losses.ValueLoss.mean": {
            "value": 11.113557815551758,
            "min": 0.25578442215919495,
            "max": 11.113557815551758,
            "count": 8
        },
        "3DBall.Losses.PolicyLoss.mean": {
            "value": 0.09390982985496521,
            "min": 0.09390982985496521,
            "max": 0.10929899662733078,
            "count": 8
        },
        "3DBall.Policy.LearningRate.mean": {
            "value": 0.00024210663104895502,
            "min": 0.00024210663104895502,
            "max": 0.00029279221780598164,
            "count": 8
        },
        "3DBall.Policy.Epsilon.mean": {
            "value": 0.18070220947265625,
            "min": 0.18070220947265625,
            "max": 0.19759739935398102,
            "count": 8
        },
        "3DBall.Policy.Beta.mean": {
            "value": 0.0008089518523775041,
            "min": 0.0008089518523775041,
            "max": 0.0009762142435647547,
            "count": 8
        }
    },
    "metadata": {
        "timer_format_version": "0.1.0",
        "start_time_seconds": "1596435592",
        "python_version": "3.8.3 (default, Jul  2 2020, 17:30:36) [MSC v.1916 64 bit (AMD64)]",
        "command_line_arguments": "D:\\ProgramData\\Anaconda3\\Scripts\\mlagents-learn 3DBall.yaml --run-id=first3DBallRun",
        "mlagents_version": "0.18.1",
        "mlagents_envs_version": "0.18.1",
        "communication_protocol_version": "1.0.0",
        "tensorflow_version": "2.3.0",
        "end_time_seconds": "1596435777"
    },
    "total": 185.86389,
    "count": 1,
    "self": 0.006702499999988731,
    "children": {
        "run_training.setup": {
            "total": 0.09860369999999996,
            "count": 1,
            "self": 0.09860369999999996
        },
        "TrainerController.start_learning": {
            "total": 185.7585838,
            "count": 1,
            "self": 8.08676629999951,
            "children": {
                "TrainerController._reset_env": {
                    "total": 27.645574,
                    "count": 1,
                    "self": 27.645574
                },
                "TrainerController.advance": {
                    "total": 148.3579324000005,
                    "count": 11652,
                    "self": 0.13162069999884807,
                    "children": {
                        "env_step": {
                            "total": 148.22631170000165,
                            "count": 11652,
                            "self": 140.85898190000088,
                            "children": {
                                "SubprocessEnvManager._take_step": {
                                    "total": 7.216477699999324,
                                    "count": 11652,
                                    "self": 0.3002085999986335,
                                    "children": {
                                        "NNPolicy.evaluate": {
                                            "total": 6.91626910000069,
                                            "count": 9817,
                                            "self": 6.91626910000069
                                        }
                                    }
                                },
                                "workers": {
                                    "total": 0.150852100001444,
                                    "count": 11651,
                                    "self": 0.0,
                                    "children": {
                                        "worker_root": {
                                            "total": 155.67729909999886,
                                            "count": 11651,
                                            "is_parallel": true,
                                            "self": 34.15761199999804,
                                            "children": {
                                                "steps_from_proto": {
                                                    "total": 0.04130759999999967,
                                                    "count": 1,
                                                    "is_parallel": true,
                                                    "self": 0.00013620000000003074,
                                                    "children": {
                                                        "_process_vector_observation": {
                                                            "total": 0.041171399999999636,
                                                            "count": 2,
                                                            "is_parallel": true,
                                                            "self": 0.041171399999999636
                                                        }
                                                    }
                                                },
                                                "UnityEnvironment.step": {
                                                    "total": 121.47837950000083,
                                                    "count": 11651,
                                                    "is_parallel": true,
                                                    "self": 0.7570493000006451,
                                                    "children": {
                                                        "UnityEnvironment._generate_step_input": {
                                                            "total": 3.6401482999992716,
                                                            "count": 11651,
                                                            "is_parallel": true,
                                                            "self": 3.6401482999992716
                                                        },
                                                        "communicator.exchange": {
                                                            "total": 114.61247320000115,
                                                            "count": 11651,
                                                            "is_parallel": true,
                                                            "self": 114.61247320000115
                                                        },
                                                        "steps_from_proto": {
                                                            "total": 2.4687086999997696,
                                                            "count": 11651,